,Stream,T,P,v (CO2),m_dot,y_CO2,y_H2O,y_O2,y_N2,y_CH4,y_C2H6,y_C3H8
Fuel Compressor 1 - Inlet,Fuel Compressor 1 - Inlet,298.15,700000.0,0.0776,7.4,0.01,0.0,0.0,0.0,0.95,0.03,0.02
Compressed Fuel - Combustor Inlet,Compressed Fuel - Combustor Inlet,658.68,30000000.0,0.0042,7.4,0.01,0.0,0.0,0.0,0.95,0.03,0.02
O2 Delivery,O2 Delivery,298.0,7920000.0,0,28.81,0.0,0.0,0.99,0.01,0.0,0.0,0.0
Compressor 1 - Inlet,Compressor 1 - Inlet,300.0,2970000.0,0.016,508.27,0.9783,0.0012,0.0013,0.0193,0.0,0.0,0.0
Intercooler 1 - Inlet,Intercooler 1 - Inlet,319.96,3795322.0,0.0133,508.27,0.9783,0.0012,0.0013,0.0193,0.0,0.0,0.0
Compressor 2 - Inlet,Compressor 2 - Inlet,300.0,3787731.4,0.0117,508.27,0.9783,0.0012,0.0013,0.0193,0.0,0.0,0.0
Intercooler 2 - Inlet,Intercooler 2 - Inlet,320.01,4840289.7,0.0097,508.27,0.9783,0.0012,0.0013,0.0193,0.0,0.0,0.0
Compressor 3 - Inlet,Compressor 3 - Inlet,300.0,4830609.1,0.0082,508.27,0.9783,0.0012,0.0013,0.0193,0.0,0.0,0.0
Intercooler 3 - Inlet,Intercooler 3 - Inlet,319.81,6172968.8,0.0069,508.27,0.9783,0.0012,0.0013,0.0193,0.0,0.0,0.0
Compressor 4 - Inlet,Compressor 4 - Inlet,300.0,6160622.9,0.0051,508.27,0.9783,0.0012,0.0013,0.0193,0.0,0.0,0.0
Intercooler 4 - Inlet,Intercooler 4 - Inlet,318.38,7872575.0,0.0043,508.27,0.9783,0.0012,0.0013,0.0193,0.0,0.0,0.0
Compressed RSCCO2,Compressed RSCCO2,300.0,7856829.8,0.0013,508.27,0.9783,0.0012,0.0013,0.0193,0.0,0.0,0.0
RSCCO2 - Combustion,RSCCO2 - Combustion,300.0,7856829.8,0.0013,289.39,0.9783,0.0012,0.0013,0.0193,0.0,0.0,0.0
RSCCO2 + O2 - Combustion,RSCCO2 + O2 - Combustion,299.95,7856829.8,0.0013,318.2,0.8612,0.001,0.1196,0.0182,0.0,0.0,0.0
RSCCO2 + O2 - Max. Pressure - Combustion,RSCCO2 + O2 - Max. Pressure - Combustion,335.91,30000000.0,0.0012,318.2,0.8612,0.001,0.1196,0.0182,0.0,0.0,0.0
RSCCO2 + O2 - Oxidant,RSCCO2 + O2 - Oxidant,842.5,29700000.0,0.0057,318.2,0.8612,0.001,0.1196,0.0182,0.0,0.0,0.0
RSCCO2 - Extra + TC,RSCCO2 - Extra + TC,300.0,7856829.8,0.0013,198.46,0.9783,0.0012,0.0013,0.0193,0.0,0.0,0.0
RSCCO2 - Max. Pressure - Extra + TC,RSCCO2 - Max. Pressure - Extra + TC,330.11,30000000.0,0.0012,198.46,0.9783,0.0012,0.0013,0.0193,0.0,0.0,0.0
RSCCO2 - Extra,RSCCO2 - Extra,330.11,30000000.0,0.0012,177.88,0.9783,0.0012,0.0013,0.0193,0.0,0.0,0.0
RSCCO2 - Extra - Heated,RSCCO2 - Extra - Heated,997.89,29700000.0,0.0068,177.88,0.9783,0.0012,0.0013,0.0193,0.0,0.0,0.0
RSCCO2 - TC,RSCCO2 - TC,330.11,30000000.0,0.0012,20.58,0.9783,0.0012,0.0013,0.0193,0.0,0.0,0.0
RSCCO2 - TC - Heated,RSCCO2 - TC - Heated,473.0,29700000.0,0.0026,20.58,0.9783,0.0012,0.0013,0.0193,0.0,0.0,0.0
Combustion Products,Combustion Products,1634.1,29700000.0,0.0111,325.6,0.8707,0.111,0.0011,0.0172,0.0,0.0,0.0
HP Turbine - Inlet,HP Turbine - Inlet,1420.0,29700000.0,0.0097,503.48,0.9071,0.0739,0.0012,0.0179,0.0,0.0,0.0
HP Turbine - Outlet,HP Turbine - Outlet,1278.02,13924766.5,0.0179,503.48,0.9071,0.0739,0.0012,0.0179,0.0,0.0,0.0
Coolant flow - HP Turbine,Coolant flow - HP Turbine,473.0,29700000.0,0.0026,14.01,0.9783,0.0012,0.0013,0.0193,0.0,0.0,0.0
IP Turbine - Inlet,IP Turbine - Inlet,1256.98,13924766.5,0.0176,517.49,0.909,0.072,0.0012,0.0179,0.0,0.0,0.0
IP Turbine - Outlet,IP Turbine - Outlet,1127.92,6463304.1,0.0335,517.49,0.909,0.072,0.0012,0.0179,0.0,0.0,0.0
Coolant flow - IP Turbine,Coolant flow - IP Turbine,473.0,29700000.0,0.0026,6.57,0.9783,0.0012,0.0013,0.0193,0.0,0.0,0.0
LP Turbine - Inlet,LP Turbine - Inlet,1119.75,6463304.1,0.0332,524.06,0.9098,0.0711,0.0012,0.0179,0.0,0.0,0.0
LP Turbine - Outlet,LP Turbine - Outlet,1002.89,3000000.0,0.0635,524.06,0.9098,0.0711,0.0012,0.0179,0.0,0.0,0.0
Flue gas 3 - Recuperator Outlet,Flue gas 3 - Recuperator Outlet,400.0,2970000.0,0.0241,524.06,0.9098,0.0711,0.0012,0.0179,0.0,0.0,0.0
H2O Out,H2O Out,300.0,2970000.0,0,15.79,0.0,1.0,0.0,0.0,0.0,0.0,0.0
CO2 Out,CO2 Out,300.0,7856829.8,0.0013,20.42,0.9783,0.0012,0.0013,0.0193,0.0,0.0,0.0
Air Comp 1 - Inlet,Air Comp 1 - Inlet,298.15,101325.0,0,127.44,0.0,0.0,0.21,0.79,0.0,0.0,0.0
Air Ic 1 - Inlet,Air Ic 1 - Inlet,360.42,183313.7,0,127.44,0.0,0.0,0.21,0.79,0.0,0.0,0.0
Air Comp 2 - Inlet,Air Comp 2 - Inlet,300.0,182947.0,0,127.44,0.0,0.0,0.21,0.79,0.0,0.0,0.0
Air Ic 2 - Inlet,Air Ic 2 - Inlet,362.67,330981.4,0,127.44,0.0,0.0,0.21,0.79,0.0,0.0,0.0
Air Comp 3 - Inlet,Air Comp 3 - Inlet,300.0,330319.4,0,127.44,0.0,0.0,0.21,0.79,0.0,0.0,0.0
Air Ic 3 - Inlet,Air Ic 3 - Inlet,362.73,597602.4,0,127.44,0.0,0.0,0.21,0.79,0.0,0.0,0.0
Compressed Air,Compressed Air,300.0,596407.2,0,127.44,0.0,0.0,0.21,0.79,0.0,0.0,0.0
Cold Air,Cold Air,101.4,590443.1,0,127.44,0.0,0.0,0.21,0.79,0.0,0.0,0.0
ASU O2 Cold,ASU O2 Cold,85.0,125000.0,0,28.81,0.0,0.0,0.99,0.01,0.0,0.0,0.0
ASU N2 Cold,ASU N2 Cold,90.0,135000.0,0,98.63,0.0,0.0,0.01,0.99,0.0,0.0,0.0
ASU O2 Pressurized,ASU O2 Pressurized,88.07,8000000.0,0,28.81,0.0,0.0,0.99,0.01,0.0,0.0,0.0
N2 Vent,N2 Vent,295.0,133650.0,0,98.63,0.0,0.0,0.01,0.99,0.0,0.0,0.0
