,Stream,T,P (MPa),Mixture phase,Tc_mix (K),Pc_mix (MPa),rho_mix (kg/m3),m_dot,Delta h model-HEOS (J/kg),Delta s model-HEOS (J/kg K),y_CO2,y_H2O,y_O2,y_N2,y_CH4,y_C2H6,y_C3H8
Fuel Compressor 1 - Inlet,Fuel Compressor 1 - Inlet,298.15,0.7,gas,205.85,5.81,4.96,7.4,-212.46,-0.6552,0.01,0.0,0.0,0.0,0.94,0.03,0.02
Compressed Fuel - Combustor Inlet,Compressed Fuel - Combustor Inlet,658.16,30.0,supercritical gas-like,205.85,5.81,86.4,7.4,-148.86,0.0221,0.01,0.0,0.0,0.0,0.94,0.03,0.02
O2 Input,O2 Input,295.0,30.0,supercritical gas-like,154.34,5.04,397.11,28.8,0.5,-0.0181,0.0,0.0,0.99,0.01,0.0,0.0,0.0
Compressor 1 - Inlet,Compressor 1 - Inlet,300.0,2.98,gas,303.11,7.74,62.13,458.37,228.92,0.5693,0.9783,0.0012,0.0013,0.0193,0.0,0.0,0.0
Intercooler 1 - Inlet,Intercooler 1 - Inlet,319.98,3.81,gas,303.11,7.74,74.67,458.37,250.33,0.6021,0.9783,0.0012,0.0013,0.0193,0.0,0.0,0.0
Compressor 2 - Inlet,Compressor 2 - Inlet,300.0,3.81,gas,303.11,7.74,84.62,458.37,264.2,0.6464,0.9783,0.0012,0.0013,0.0193,0.0,0.0,0.0
Intercooler 2 - Inlet,Intercooler 2 - Inlet,320.01,4.87,gas,303.11,7.74,101.64,458.37,310.66,0.7497,0.9783,0.0012,0.0013,0.0193,0.0,0.0,0.0
Compressor 3 - Inlet,Compressor 3 - Inlet,300.0,4.86,gas,303.11,7.74,119.76,458.37,283.03,0.6578,0.9783,0.0012,0.0013,0.0193,0.0,0.0,0.0
Intercooler 3 - Inlet,Intercooler 3 - Inlet,319.79,6.22,gas,303.11,7.74,143.56,458.37,405.75,0.9921,0.9783,0.0012,0.0013,0.0193,0.0,0.0,0.0
Compressor 4 - Inlet,Compressor 4 - Inlet,300.0,6.21,gas,303.11,7.74,187.34,458.37,-22.83,-0.4222,0.9783,0.0012,0.0013,0.0193,0.0,0.0,0.0
Intercooler 4 - Inlet,Intercooler 4 - Inlet,318.43,7.94,supercritical gas-like,303.11,7.74,223.22,458.37,536.18,1.326,0.9783,0.0012,0.0013,0.0193,0.0,0.0,0.0
Compressed RSCCO2,Compressed RSCCO2,300.0,7.93,liquid,303.11,7.74,678.43,458.37,2180.76,7.2758,0.9783,0.0012,0.0013,0.0193,0.0,0.0,0.0
RSCCO2 - Combustion,RSCCO2 - Combustion,300.0,7.93,liquid,303.11,7.74,678.43,289.29,2180.76,7.2758,0.9783,0.0012,0.0013,0.0193,0.0,0.0,0.0
RSCCO2 - Max. Pressure - Combustion,RSCCO2 - Max. Pressure - Combustion,336.08,30.0,supercritical liquid-like,303.11,7.74,798.01,289.29,548.56,1.3841,0.9783,0.0012,0.0013,0.0193,0.0,0.0,0.0
RSCCO2 + O2 - Max. Pressure - Combustion,RSCCO2 + O2 - Max. Pressure - Combustion,325.11,30.0,supercritical liquid-like,296.99,9.73,753.99,318.1,2167.1,5.5455,0.8612,0.001,0.1196,0.0182,0.0,0.0,0.0
RSCCO2 + O2 - Oxidant,RSCCO2 + O2 - Oxidant,812.66,29.85,supercritical gas-like,296.99,9.73,175.06,318.1,402.79,0.8735,0.8612,0.001,0.1196,0.0182,0.0,0.0,0.0
RSCCO2 - Extra + TC,RSCCO2 - Extra + TC,300.0,7.93,liquid,303.11,7.74,678.43,148.66,2180.76,7.2758,0.9783,0.0012,0.0013,0.0193,0.0,0.0,0.0
RSCCO2 - Max. Pressure - Extra + TC,RSCCO2 - Max. Pressure - Extra + TC,336.08,30.0,supercritical liquid-like,303.11,7.74,798.01,148.66,548.56,1.3841,0.9783,0.0012,0.0013,0.0193,0.0,0.0,0.0
RSCCO2 - Extra,RSCCO2 - Extra,336.08,30.0,supercritical liquid-like,303.11,7.74,798.01,127.8,548.56,1.3841,0.9783,0.0012,0.0013,0.0193,0.0,0.0,0.0
RSCCO2 - Extra - Heated,RSCCO2 - Extra - Heated,1016.7,29.85,supercritical gas-like,303.11,7.74,143.67,127.8,13.71,0.057,0.9783,0.0012,0.0013,0.0193,0.0,0.0,0.0
RSCCO2 - TC,RSCCO2 - TC,336.08,30.0,supercritical liquid-like,303.11,7.74,798.01,20.85,548.56,1.3841,0.9783,0.0012,0.0013,0.0193,0.0,0.0,0.0
RSCCO2 - TC - Heated,RSCCO2 - TC - Heated,473.0,29.85,supercritical gas-like,303.11,7.74,380.85,20.85,158.28,0.3042,0.9783,0.0012,0.0013,0.0193,0.0,0.0,0.0
Combustion Products,Combustion Products,1608.68,29.85,gas,,,85.88,325.5,-105.46,-0.4488,0.8708,0.111,0.0011,0.0172,0.0,0.0,0.0
HP Turbine - Inlet,HP Turbine - Inlet,1450.0,29.85,gas,,,96.62,453.3,-60.07,-0.3061,0.8996,0.0815,0.0012,0.0177,0.0,0.0,0.0
HP Turbine - Outlet,HP Turbine - Outlet,1304.86,13.92,gas,,,51.79,453.3,-135.16,-0.2159,0.8996,0.0815,0.0012,0.0177,0.0,0.0,0.0
Coolant flow - HP Turbine,Coolant flow - HP Turbine,473.0,29.85,supercritical gas-like,303.11,7.74,380.85,13.87,158.28,0.3042,0.9783,0.0012,0.0013,0.0193,0.0,0.0,0.0
IP Turbine - Inlet,IP Turbine - Inlet,1281.15,13.92,gas,,,52.82,467.17,-139.45,-0.2154,0.9019,0.0792,0.0012,0.0178,0.0,0.0,0.0
IP Turbine - Outlet,IP Turbine - Outlet,1150.14,6.46,gas,,,27.77,467.17,-115.62,-0.1308,0.9019,0.0792,0.0012,0.0178,0.0,0.0,0.0
Coolant flow - IP Turbine,Coolant flow - IP Turbine,473.0,29.85,supercritical gas-like,303.11,7.74,380.85,6.98,158.28,0.3042,0.9783,0.0012,0.0013,0.0193,0.0,0.0,0.0
LP Turbine - Inlet,LP Turbine - Inlet,1140.3,6.46,gas,,,28.03,474.16,-116.77,-0.1312,0.9029,0.0781,0.0012,0.0178,0.0,0.0,0.0
LP Turbine - Outlet,LP Turbine - Outlet,1021.7,3.0,gas,,,14.64,474.16,-95.66,-0.0861,0.9029,0.0781,0.0012,0.0178,0.0,0.0,0.0
Flue gas 3 - Recuperator Outlet,Flue gas 3 - Recuperator Outlet,400.0,2.98,gas,,,39.74,474.16,2579.84,6.4936,0.9029,0.0781,0.0012,0.0178,0.0,0.0,0.0
H2O Out,H2O Out,300.0,2.98,liquid,647.1,22.06,997.85,15.78,0.0,0.0,0.0,1.0,0.0,0.0,0.0,0.0,0.0
CO2 Out,CO2 Out,300.0,7.93,liquid,303.11,7.74,678.43,20.42,2180.76,7.2758,0.9783,0.0012,0.0013,0.0193,0.0,0.0,0.0
