State,m_dot (kg/s),T (K),P (MPa),phase,vapor fraction,h (J/kg),s (J/kg K),molar mass (kg/mol),z_CH4,z_C2H6,z_C3H8,z_CO2,z_O2,z_N2,z_AR,z_H2O
Fuel Compressor - Inlet,7.4,298.15,7.0,vapor,-1.0,-4620683.086386,-2081.794033,0.017304314,0.94,0.03,0.02,0.01,0.0,0.0,0.0,0.0
Fuel Compressor - Outlet,7.4,429.701152,30.0,vapor,-1.0,-4350194.405928,-1985.915383,0.017304314,0.94,0.03,0.02,0.01,0.0,0.0,0.0,0.0
O2 - Inlet Stream,30.0,298.0,30.0,vapor,-1.0,-56287.463481,-1605.962992,0.032133915,0.0,0.0,0.0,0.0,0.98,0.002,0.018,0.0
CO2 Compressor - Inlet,500.0,300.0,3.0,vapor,-1.0,-8970228.899927,-706.302238,0.043988397,0.0,0.0,0.0,0.999,0.0001,0.0001,0.0001,0.0007
CO2 Compressor - Stage 1 compressor outlet,500.0,320.017398,3.837496,vapor,-1.0,-8956472.17098,-700.700702,0.043988397,0.0,0.0,0.0,0.999,0.0001,0.0001,0.0001,0.0007
CO2 Compressor - Stage 1 cooler outlet,500.0,300.0,3.833659,vapor,-1.0,-8981510.444639,-781.394725,0.043988397,0.0,0.0,0.0,0.999,0.0001,0.0001,0.0001,0.0007
CO2 Compressor - Stage 2 compressor outlet,500.0,320.064393,4.903883,vapor,-1.0,-8968671.574921,-776.169984,0.043988397,0.0,0.0,0.0,0.999,0.0001,0.0001,0.0001,0.0007
CO2 Compressor - Stage 2 cooler outlet,500.0,300.0,4.898979,vapor,-1.0,-8998976.372705,-873.941323,0.043988397,0.0,0.0,0.0,0.999,0.0001,0.0001,0.0001,0.0007
CO2 Compressor - Stage 3 compressor outlet,500.0,319.837302,6.266605,vapor,-1.0,-8987500.214346,-869.270481,0.043988397,0.0,0.0,0.0,0.999,0.0001,0.0001,0.0001,0.0007
CO2 Compressor - Stage 3 cooler outlet,500.0,300.0,6.260338,vapor,-1.0,-9033669.400298,-1018.771735,0.043988397,0.0,0.0,0.0,0.999,0.0001,0.0001,0.0001,0.0007
CO2 Compressor - Stage 4 compressor outlet,500.0,318.177446,8.008008,vapor,-1.0,-9024673.036464,-1015.093919,0.043988397,0.0,0.0,0.0,0.999,0.0001,0.0001,0.0001,0.0007
CO2 Compressor outlet,500.0,300.0,8.0,liquid,-1.0,-9177058.31404,-1509.230113,0.043988397,0.0,0.0,0.0,0.999,0.0001,0.0001,0.0001,0.0007
Recycled CO2,475.0,300.0,8.0,liquid,-1.0,-9177058.31404,-1509.230113,0.043988397,0.0,0.0,0.0,0.999,0.0001,0.0001,0.0001,0.0007
Purged CO2,25.0,300.0,8.0,liquid,-1.0,-9177058.31404,-1509.230113,0.043988397,0.0,0.0,0.0,0.999,0.0001,0.0001,0.0001,0.0007
CO2 Max. Pressure,475.0,328.585203,30.0,liquid,-1.0,-9146261.921499,-1497.951447,0.043988397,0.0,0.0,0.0,0.999,0.0001,0.0001,0.0001,0.0007
CO2 Combustion,236.228519,328.585203,30.0,liquid,-1.0,-9146261.921499,-1497.951447,0.043988397,0.0,0.0,0.0,0.999,0.0001,0.0001,0.0001,0.0007
CO2 Dilution,213.771481,328.585203,30.0,liquid,-1.0,-9146261.921499,-1497.951447,0.043988397,0.0,0.0,0.0,0.999,0.0001,0.0001,0.0001,0.0007
CO2 Cooling,25.0,328.585203,30.0,liquid,-1.0,-9146261.921499,-1497.951447,0.043988397,0.0,0.0,0.0,0.999,0.0001,0.0001,0.0001,0.0007
Oxidant,266.228519,316.876319,30.0,liquid,-1.0,-8121956.806316,-1447.599953,0.042232759,0.0,0.0,0.0,0.85104898,0.14522233,0.00038139,0.00275097,0.00059633
Heated Oxidant,266.228519,1193.325242,29.85,vapor,-1.0,-6939960.507313,429.281365,0.042232759,0.0,0.0,0.0,0.85104898,0.14522233,0.00038139,0.00275097,0.00059633
Heated Dilution CO2,213.771481,1195.0,29.85,vapor,-1.0,-7937936.823708,401.294456,0.043988397,0.0,0.0,0.0,0.999,0.0001,0.0001,0.0001,0.0007
Heated Cooling CO2,25.0,473.0,29.85,vapor,-1.0,-8876460.116082,-810.308258,0.043988397,0.0,0.0,0.0,0.999,0.0001,0.0001,0.0001,0.0007
LP Turbine Outlet,600.0,1200.0,3.0,vapor,-1.0,-7946542.568354,1180.178998,0.041532512,0.0,0.0,0.0,0.8973,0.0011,0.0177,0.0,0.0839
Flue Gases,600.0,400.0,2.985,vapor,-1.0,-8912761.926635,-118.843359,0.041532512,0.0,0.0,0.0,0.8973,0.0011,0.0177,0.0,0.0839
Combustion Products,273.628519,2054.63133,29.85,vapor,-1.0,-6869922.964349,1627.359391,0.040558914,0.0,0.0,0.0,0.86303959,0.00353235,0.00035637,0.00257049,0.13050119
Diluted Products,487.4,1694.600712,29.85,vapor,-1.0,-7338349.11233,1146.307873,0.041994904,0.0,0.0,0.0,0.9199688,0.00209516,0.00024902,0.00153605,0.07615096
HP Turbine - Outlet,487.4,1530.95996,13.924767,vapor,-1.0,-7571017.366586,1159.586769,0.041994904,0.0,0.0,0.0,0.9199688,0.00209516,0.00024902,0.00153605,0.07615096
