State,m_dot (kg/s),T (K),P (MPa),phase,vapor fraction,h (J/kg),s (J/kg K),molar mass (kg/mol),z_O2,w_O2,z_N2,w_N2,z_AR,w_AR
MAC air intake,10.0,298.15,0.1,vapor,-1.0,298338.35,6858.7702,0.028964,0.2094,0.2313,0.7808,0.7552,0.0098,0.0135
MAC - Stage 1 compressor outlet,10.0,397.12,0.25,vapor,-1.0,398060.81,6891.9516,0.028964,0.2094,0.2313,0.7808,0.7552,0.0098,0.0135
MAC - Stage 1 cooler outlet,10.0,300.0,0.25,vapor,-1.0,299871.41,6608.7367,0.028964,0.2094,0.2313,0.7808,0.7552,0.0098,0.0135
MAC - Stage 2 compressor outlet,10.0,399.65,0.6,vapor,-1.0,400234.35,6641.918,0.028964,0.2094,0.2313,0.7808,0.7552,0.0098,0.0135
MAC outlet,10.0,300.0,0.6,vapor,-1.0,299075.11,6351.0819,0.028964,0.2094,0.2313,0.7808,0.7552,0.0098,0.0135
LP air to HX1,1.02,300.0,0.6,vapor,-1.0,299075.11,6351.0819,0.028964,0.2094,0.2313,0.7808,0.7552,0.0098,0.0135
Air to next compression train,8.98,300.0,0.6,vapor,-1.0,299075.11,6351.0819,0.028964,0.2094,0.2313,0.7808,0.7552,0.0098,0.0135
MP booster - Stage 1 compressor outlet,8.98,358.78,1.04,vapor,-1.0,358045.89,6372.6762,0.028964,0.2094,0.2313,0.7808,0.7552,0.0098,0.0135
MP booster - Stage 1 cooler outlet,8.98,300.0,1.04,vapor,-1.0,298091.59,6190.4583,0.028964,0.2094,0.2313,0.7808,0.7552,0.0098,0.0135
MP booster - Stage 2 compressor outlet,8.98,358.91,1.8,vapor,-1.0,357060.21,6212.0426,0.028964,0.2094,0.2313,0.7808,0.7552,0.0098,0.0135
MP booster outlet,8.98,300.0,1.8,vapor,-1.0,296404.87,6027.7109,0.028964,0.2094,0.2313,0.7808,0.7552,0.0098,0.0135
MP air to HX1,6.5,300.0,1.8,vapor,-1.0,296404.87,6027.7109,0.028964,0.2094,0.2313,0.7808,0.7552,0.0098,0.0135
Air to HP compression train,2.48,300.0,1.8,vapor,-1.0,296404.87,6027.7109,0.028964,0.2094,0.2313,0.7808,0.7552,0.0098,0.0135
HP booster - Stage 1 compressor outlet,2.48,389.02,4.0,vapor,-1.0,385524.01,6057.9241,0.028964,0.2094,0.2313,0.7808,0.7552,0.0098,0.0135
HP booster outlet,2.48,300.0,4.0,vapor,-1.0,291660.43,5784.0959,0.028964,0.2094,0.2313,0.7808,0.7552,0.0098,0.0135
Throttled HP air,2.48,98.67,0.6,two-phase,0.0566,-76918.09,3515.3267,0.028964,0.2094,0.2313,0.7808,0.7552,0.0098,0.0135
Expanded MP air,6.5,100.63,0.6,two-phase,0.9556,80995.89,5102.2113,0.028964,0.2094,0.2313,0.7808,0.7552,0.0098,0.0135
Cooled LP air,1.02,102.65,0.6,vapor,-1.0,91618.87,5207.4672,0.028964,0.2094,0.2313,0.7808,0.7552,0.0098,0.0135
HPC reflux,3.97,95.97,0.59,liquid,-1.0,-82788.68,3293.4992,0.028068,0.0066,0.0075,0.991,0.9891,0.0023,0.0033
HPC T1 - liquid,3.97,96.34,0.59,liquid,-1.0,-82461.37,3309.8229,0.02813,0.016,0.0182,0.9796,0.9756,0.0044,0.0062
HPC T1 - vapor,7.63,96.34,0.59,vapor,-1.0,87132.51,5058.4558,0.028068,0.0066,0.0075,0.991,0.9891,0.0023,0.0033
HPC T2 - liquid,3.96,96.49,0.59,liquid,-1.0,-82744.86,3320.437,0.028199,0.0276,0.0314,0.9661,0.9597,0.0063,0.0089
HPC T2 - vapor,7.63,96.49,0.59,vapor,-1.0,87165.65,5064.064,0.0281,0.0115,0.0131,0.9851,0.9821,0.0034,0.0048
HPC T3 - liquid,3.95,96.66,0.59,liquid,-1.0,-83081.76,3331.4822,0.028276,0.0417,0.0471,0.9503,0.9415,0.0081,0.0114
HPC T3 - vapor,7.63,96.66,0.59,vapor,-1.0,87217.51,5070.3882,0.028136,0.0175,0.0199,0.9781,0.9738,0.0044,0.0062
HPC T4 - liquid,3.94,96.85,0.59,liquid,-1.0,-83471.38,3342.933,0.028361,0.0582,0.0656,0.9322,0.9208,0.0097,0.0136
HPC T4 - vapor,7.61,96.85,0.59,vapor,-1.0,87289.5,5077.4754,0.028175,0.0247,0.0281,0.9699,0.9644,0.0053,0.0075
HPC T5 - liquid,3.92,97.06,0.59,liquid,-1.0,-83908.42,3354.5999,0.028452,0.0771,0.0867,0.9119,0.8978,0.011,0.0154
HPC T5 - vapor,7.6,97.06,0.59,vapor,-1.0,87381.85,5085.2659,0.028219,0.0332,0.0377,0.9607,0.9537,0.0061,0.0087
HPC T6 - liquid,3.91,97.3,0.59,liquid,-1.0,-84382.45,3366.1969,0.028548,0.0981,0.11,0.8898,0.8732,0.0121,0.0169
HPC T6 - vapor,7.59,97.3,0.59,vapor,-1.0,87493.21,5093.6074,0.028265,0.0428,0.0485,0.9504,0.9419,0.0068,0.0096
HPC T7 - liquid,3.89,97.56,0.59,liquid,-1.0,-84878.48,3377.4003,0.028647,0.1207,0.1348,0.8665,0.8473,0.0128,0.0179
HPC T7 - vapor,7.57,97.56,0.59,vapor,-1.0,87620.6,5102.2725,0.028314,0.0535,0.0604,0.9392,0.9292,0.0073,0.0103
HPC T8 - liquid,3.87,97.82,0.6,liquid,-1.0,-85378.57,3387.905,0.028746,0.144,0.1603,0.8427,0.8212,0.0133,0.0184
HPC T8 - vapor,7.55,97.82,0.6,vapor,-1.0,87759.55,5110.9866,0.028363,0.0648,0.0731,0.9275,0.9161,0.0077,0.0108
HPC T9 - liquid,3.86,98.08,0.6,liquid,-1.0,-85864.26,3397.4718,0.028841,0.1674,0.1857,0.8192,0.7957,0.0134,0.0186
HPC T9 - vapor,7.53,98.08,0.6,vapor,-1.0,87904.63,5119.4653,0.028412,0.0764,0.0861,0.9157,0.9028,0.0079,0.0111
HPC T10 - liquid,3.84,98.34,0.6,liquid,-1.0,-86319.04,3405.9539,0.028929,0.1899,0.2101,0.7968,0.7716,0.0133,0.0184
HPC T10 - vapor,7.52,98.34,0.6,vapor,-1.0,88050.16,5127.4525,0.028459,0.088,0.0989,0.9041,0.8899,0.0079,0.0112
HPC T11 - liquid,3.83,98.58,0.6,liquid,-1.0,-86730.36,3413.3016,0.029009,0.2109,0.2326,0.7761,0.7495,0.013,0.0179
HPC T11 - vapor,7.5,98.58,0.6,vapor,-1.0,88190.91,5134.7497,0.028502,0.0991,0.1112,0.8931,0.8777,0.0079,0.011
HPC T12 - liquid,6.15,98.8,0.6,liquid,-1.0,-87090.5,3419.5467,0.02908,0.2299,0.2529,0.7575,0.7298,0.0126,0.0173
HPC T12 - vapor,7.49,98.8,0.6,vapor,-1.0,88322.69,5141.2315,0.028541,0.1093,0.1226,0.883,0.8667,0.0077,0.0108
HPC T13 - liquid,6.13,99.1,0.6,liquid,-1.0,-87575.14,3425.1451,0.029187,0.2545,0.279,0.7321,0.7027,0.0133,0.0183
HPC T13 - vapor,7.33,99.1,0.6,vapor,-1.0,88450.44,5148.1229,0.028603,0.1231,0.1377,0.8686,0.8507,0.0083,0.0116
HPC T14 - liquid,6.09,99.5,0.6,liquid,-1.0,-88231.98,3431.8101,0.02933,0.2884,0.3146,0.6976,0.6663,0.014,0.019
HPC T14 - vapor,7.31,99.5,0.6,vapor,-1.0,88632.66,5157.4135,0.028689,0.1427,0.1592,0.8484,0.8284,0.0089,0.0124
HPC T15 - liquid,6.34,100.04,0.6,liquid,-1.0,-89062.86,3438.8494,0.029509,0.3325,0.3606,0.6532,0.6201,0.0143,0.0193
HPC T15 - vapor,7.27,100.04,0.6,vapor,-1.0,88878.16,5169.0134,0.028802,0.1696,0.1885,0.821,0.7985,0.0094,0.013
Condensed HPC N2,7.63,95.97,0.59,liquid,-1.0,-82788.68,3293.4992,0.028068,0.0066,0.0075,0.991,0.9891,0.0023,0.0033
HPC N2 to HX2,3.66,95.97,0.59,liquid,-1.0,-82788.68,3293.4992,0.028068,0.0066,0.0075,0.991,0.9891,0.0023,0.0033
LPC N2 feed,3.66,78.88,0.12,two-phase,0.0246,-114299.63,2945.3329,0.028068,0.0066,0.0075,0.991,0.9891,0.0023,0.0033
LPC enriched O2 feed,6.34,82.52,0.13,two-phase,0.1723,-90719.01,3465.1615,0.029509,0.3325,0.3606,0.6532,0.6201,0.0143,0.0193
LPC O2 product,2.31,92.52,0.13,liquid,-1.0,-128820.55,2973.0697,0.032156,0.98,0.9752,0.0001,0.0001,0.0199,0.0247
LPC boilup,6.21,92.52,0.13,vapor,-1.0,80000.8,5218.3413,0.032239,0.969,0.9618,0.0005,0.0005,0.0304,0.0377
LPC T1 - liquid,3.57,79.1,0.12,liquid,-1.0,-119496.48,2894.6859,0.028323,0.0252,0.0285,0.9573,0.9469,0.0175,0.0247
LPC T1 - vapor,7.69,79.1,0.12,vapor,-1.0,78079.17,5378.8766,0.028125,0.0068,0.0077,0.9861,0.9822,0.0071,0.0101
LPC T2 - liquid,3.56,79.45,0.12,liquid,-1.0,-119994.12,2904.9448,0.028641,0.0554,0.0619,0.9105,0.8906,0.0341,0.0476
LPC T2 - vapor,7.6,79.45,0.12,vapor,-1.0,77955.56,5378.2438,0.028246,0.0155,0.0176,0.9702,0.9622,0.0143,0.0202
LPC T3 - liquid,3.55,79.93,0.12,liquid,-1.0,-120765.41,2916.7118,0.029015,0.1002,0.1105,0.8494,0.8201,0.0504,0.0694
LPC T3 - vapor,7.59,79.93,0.12,vapor,-1.0,77873.47,5379.4301,0.028394,0.0295,0.0332,0.9485,0.9358,0.022,0.031
LPC T4 - liquid,3.53,80.52,0.12,liquid,-1.0,-121780.96,2930.744,0.029411,0.1595,0.1735,0.7767,0.7398,0.0638,0.0867
LPC T4 - vapor,7.58,80.52,0.12,vapor,-1.0,77863.47,5383.6466,0.028564,0.05,0.056,0.9206,0.9029,0.0294,0.0412
LPC T5 - liquid,3.5,81.19,0.12,liquid,-1.0,-122924.93,2946.9691,0.029779,0.2282,0.2452,0.7,0.6585,0.0718,0.0963
LPC T5 - vapor,7.56,81.19,0.12,vapor,-1.0,77949.4,5391.5258,0.028741,0.0766,0.0853,0.8881,0.8656,0.0353,0.0491
LPC T6 - liquid,3.47,81.87,0.12,liquid,-1.0,-124042.18,2964.6985,0.030075,0.2977,0.3168,0.629,0.5859,0.0733,0.0974
LPC T6 - vapor,7.53,81.87,0.12,vapor,-1.0,78137.56,5402.8982,0.028901,0.1069,0.1183,0.8545,0.8282,0.0387,0.0535
LPC T7 - liquid,3.44,82.47,0.12,liquid,-1.0,-125009.27,2982.6818,0.030279,0.3597,0.3802,0.5706,0.5279,0.0697,0.0919
LPC T7 - vapor,7.5,82.47,0.12,vapor,-1.0,78409.21,5416.6816,0.029026,0.1369,0.1509,0.824,0.7953,0.0391,0.0538
LPC T8 - liquid,3.42,82.96,0.12,liquid,-1.0,-125769.96,2999.4723,0.030399,0.4098,0.4314,0.5271,0.4858,0.0631,0.0829
LPC T8 - vapor,7.47,82.96,0.12,vapor,-1.0,78724.63,5431.1442,0.029109,0.1633,0.1795,0.7994,0.7693,0.0372,0.0511
LPC T9 - liquid,3.4,83.33,0.12,liquid,-1.0,-126325.56,3013.9854,0.030461,0.4473,0.4699,0.4969,0.457,0.0557,0.0731
LPC T9 - vapor,7.45,83.33,0.12,vapor,-1.0,79039.8,5444.5718,0.029156,0.1844,0.2024,0.7814,0.7508,0.0342,0.0468
LPC T10 - liquid,3.39,83.6,0.12,liquid,-1.0,-126707.39,3025.7819,0.030487,0.4741,0.4976,0.4769,0.4382,0.049,0.0641
LPC T10 - vapor,7.43,83.6,0.12,vapor,-1.0,79322.85,5455.8594,0.029179,0.2001,0.2194,0.769,0.7383,0.0309,0.0423
LPC T11 - liquid,3.38,83.79,0.13,liquid,-1.0,-126954.62,3034.9705,0.030494,0.4926,0.5169,0.464,0.4262,0.0434,0.0568
LPC T11 - vapor,7.41,83.79,0.13,vapor,-1.0,79559.28,5464.6411,0.029188,0.2112,0.2316,0.7609,0.7303,0.0278,0.0381
LPC T12 - liquid,8.61,83.93,0.13,liquid,-1.0,-127102.87,3041.9524,0.030492,0.5052,0.5301,0.4558,0.4187,0.039,0.0511
LPC T12 - vapor,7.4,83.93,0.13,vapor,-1.0,79747.97,5471.0721,0.029189,0.2189,0.24,0.7557,0.7253,0.0254,0.0347
LPC T13 - liquid,8.58,85.96,0.13,liquid,-1.0,-128420.74,3013.6024,0.031266,0.646,0.6612,0.2972,0.2663,0.0568,0.0725
LPC T13 - vapor,6.3,85.96,0.13,vapor,-1.0,79346.54,5445.4819,0.029924,0.343,0.3668,0.6114,0.5724,0.0456,0.0608
LPC T14 - liquid,8.58,88.39,0.13,liquid,-1.0,-128964.22,2977.1952,0.031932,0.7799,0.7815,0.1523,0.1336,0.0679,0.0849
LPC T14 - vapor,6.27,88.39,0.13,vapor,-1.0,78483.63,5372.5244,0.03095,0.5275,0.5454,0.4026,0.3644,0.0699,0.0902
LPC T15 - liquid,8.59,90.31,0.13,liquid,-1.0,-128797.26,2951.6036,0.032284,0.8663,0.8587,0.0651,0.0565,0.0685,0.0848
LPC T15 - vapor,6.27,90.31,0.13,vapor,-1.0,77685.32,5274.7463,0.03185,0.7068,0.7101,0.2078,0.1828,0.0854,0.1071
LPC T16 - liquid,8.59,91.41,0.13,liquid,-1.0,-128581.02,2941.3446,0.032395,0.9121,0.901,0.0253,0.0219,0.0626,0.0772
LPC T16 - vapor,6.28,91.41,0.13,vapor,-1.0,77483.05,5204.0051,0.032331,0.8243,0.8158,0.0892,0.0773,0.0866,0.1069
LPC T17 - liquid,8.58,91.94,0.13,liquid,-1.0,-128515.73,2941.9215,0.032391,0.9366,0.9253,0.0094,0.0081,0.054,0.0666
LPC T17 - vapor,6.28,91.94,0.13,vapor,-1.0,77774.14,5174.473,0.032484,0.8869,0.8737,0.0347,0.0299,0.0784,0.0965
LPC T18 - liquid,8.56,92.2,0.13,liquid,-1.0,-128546.19,2948.2101,0.032342,0.9518,0.9417,0.0034,0.003,0.0448,0.0554
LPC T18 - vapor,6.27,92.2,0.13,vapor,-1.0,78292.18,5172.6201,0.032478,0.9205,0.9069,0.0128,0.0111,0.0667,0.082
LPC T19 - liquid,8.54,92.36,0.13,liquid,-1.0,-128612.46,2956.7416,0.032279,0.9629,0.9545,0.0012,0.0011,0.0359,0.0444
LPC T19 - vapor,6.25,92.36,0.13,vapor,-1.0,78879.45,5184.1468,0.032411,0.9412,0.9293,0.0046,0.004,0.0541,0.0667
LPC T20 - liquid,8.52,92.47,0.13,liquid,-1.0,-128684.79,2965.5946,0.032216,0.972,0.9655,0.0004,0.0004,0.0276,0.0342
LPC T20 - vapor,6.23,92.47,0.13,vapor,-1.0,79467.52,5200.5619,0.032325,0.9565,0.9468,0.0016,0.0014,0.0419,0.0518
Cooled HPC N2,3.66,81.1,0.59,liquid,-1.0,-114299.63,2937.1221,0.028068,0.0066,0.0075,0.991,0.9891,0.0023,0.0033
Cooled HPC enriched O2,6.34,99.23,0.6,liquid,-1.0,-90719.01,3422.2267,0.029509,0.3325,0.3606,0.6532,0.6201,0.0143,0.0193
Warmed LPC N2,7.69,93.97,0.12,vapor,-1.0,94449.89,5568.6427,0.028125,0.0068,0.0077,0.9861,0.9822,0.0071,0.0101
Pressurized LOX,2.31,100.65,30.0,liquid,-1.0,-99358.88,3008.59,0.032156,0.98,0.9752,0.0001,0.0001,0.0199,0.0247
Cooled MP air,6.5,130.0,1.8,vapor,-1.0,107352.15,5079.4308,0.028964,0.2094,0.2313,0.7808,0.7552,0.0098,0.0135
Cooled HP air,2.48,102.65,4.0,liquid,-1.0,-76918.09,3469.8109,0.028964,0.2094,0.2313,0.7808,0.7552,0.0098,0.0135
N2 product,7.69,298.0,0.12,vapor,-1.0,307215.18,6775.9352,0.028125,0.0068,0.0077,0.9861,0.9822,0.0071,0.0101
O2 product,2.31,298.0,30.0,vapor,-1.0,211867.08,4738.3093,0.032156,0.98,0.9752,0.0001,0.0001,0.0199,0.0247
